Label;Part Type;mn;mpn;part number;
LED1;Red (633nm) LED;;;;
LED2;Red (633nm) LED;;;;
LED3;Red (633nm) LED;;;;
LED4;Red (633nm) LED;;;;
LED5;Red (633nm) LED;;;;
LED6;Red (633nm) LED;;;;
LED7;Red (633nm) LED;;;;
LED8;Red (633nm) LED;;;;
LED9;Red (633nm) LED;;;;
LED10;Red (633nm) LED;;;;
LED11;Red (633nm) LED;;;;
LED12;Red (633nm) LED;;;;
LED13;Red (633nm) LED;;;;
LED14;Red (633nm) LED;;;;
LED15;Red (633nm) LED;;;;
LED16;Red (633nm) LED;;;;
Q2;NPN-Transistor;;;;
Q3;NPN-Transistor;;;;
Q4;NPN-Transistor;;;;
Q5;NPN-Transistor;;;;
Q6;NPN-Transistor;;;;
Q7;NPN-Transistor;;;;
Q8;NPN-Transistor;;;;
Q9;NPN-Transistor;;;;
Q10;NPN-Transistor;;;;
Q11;NPN-Transistor;;;;
Q12;NPN-Transistor;;;;
Q13;NPN-Transistor;;;;
Q14;NPN-Transistor;;;;
Q15;NPN-Transistor;;;;
Q16;NPN-Transistor;;;;
Q17;NPN-Transistor;;;;
Q18;NPN-Transistor;;;;
Q19;NPN-Transistor;;;;
Q20;NPN-Transistor;;;;
Q21;NPN-Transistor;;;;
Q22;NPN-Transistor;;;;
Q23;NPN-Transistor;;;;
Q24;NPN-Transistor;;;;
Q25;NPN-Transistor;;;;
Q26;NPN-Transistor;;;;
Q27;NPN-Transistor;;;;
Q28;NPN-Transistor;;;;
Q29;NPN-Transistor;;;;
Q30;NPN-Transistor;;;;
Q31;NPN-Transistor;;;;
Q32;NPN-Transistor;;;;
Q33;NPN-Transistor;;;;
Q34;NPN-Transistor;;;;
Q35;NPN-Transistor;;;;
Q36;NPN-Transistor;;;;
Q37;NPN-Transistor;;;;
Q38;NPN-Transistor;;;;
Q39;NPN-Transistor;;;;
Q40;NPN-Transistor;;;;
Q41;NPN-Transistor;;;;
Q42;NPN-Transistor;;;;
Q43;NPN-Transistor;;;;
Q44;NPN-Transistor;;;;
Q45;NPN-Transistor;;;;
Q46;NPN-Transistor;;;;
Q47;NPN-Transistor;;;;
Q48;NPN-Transistor;;;;
Q49;NPN-Transistor;;;;
Q50;NPN-Transistor;;;;
Q51;NPN-Transistor;;;;
Q52;NPN-Transistor;;;;
Q53;NPN-Transistor;;;;
Q54;NPN-Transistor;;;;
Q55;NPN-Transistor;;;;
Q56;NPN-Transistor;;;;
Q57;NPN-Transistor;;;;
Q58;NPN-Transistor;;;;
Q59;NPN-Transistor;;;;
Q60;NPN-Transistor;;;;
Q61;NPN-Transistor;;;;
Q62;NPN-Transistor;;;;
Q63;NPN-Transistor;;;;
Q64;NPN-Transistor;;;;
Q65;NPN-Transistor;;;;
Q66;NPN-Transistor;;;;
Q67;NPN-Transistor;;;;
Q68;NPN-Transistor;;;;
Q69;NPN-Transistor;;;;
Q70;NPN-Transistor;;;;
Q71;NPN-Transistor;;;;
Q72;NPN-Transistor;;;;
Q73;NPN-Transistor;;;;
Q74;NPN-Transistor;;;;
Q75;NPN-Transistor;;;;
Q76;NPN-Transistor;;;;
Q77;NPN-Transistor;;;;
Q78;NPN-Transistor;;;;
Q79;NPN-Transistor;;;;
Q80;NPN-Transistor;;;;
Q81;NPN-Transistor;;;;
Q82;NPN-Transistor;;;;
Q83;NPN-Transistor;;;;
Q84;NPN-Transistor;;;;
Q85;NPN-Transistor;;;;
Q86;NPN-Transistor;;;;
Q87;NPN-Transistor;;;;
Q88;NPN-Transistor;;;;
Q89;NPN-Transistor;;;;
Q90;NPN-Transistor;;;;
Q91;NPN-Transistor;;;;
Q92;NPN-Transistor;;;;
Q93;NPN-Transistor;;;;
Q94;NPN-Transistor;;;;
Q95;NPN-Transistor;;;;
Q96;NPN-Transistor;;;;
Q97;NPN-Transistor;;;;
Q98;NPN-Transistor;;;;
Q99;NPN-Transistor;;;;
Q100;NPN-Transistor;;;;
Q101;NPN-Transistor;;;;
Q102;NPN-Transistor;;;;
Q103;NPN-Transistor;;;;
Q104;NPN-Transistor;;;;
Q105;NPN-Transistor;;;;
Q106;NPN-Transistor;;;;
Q107;NPN-Transistor;;;;
Q108;NPN-Transistor;;;;
Q109;NPN-Transistor;;;;
Q110;NPN-Transistor;;;;
Q111;NPN-Transistor;;;;
Q112;NPN-Transistor;;;;
Q113;NPN-Transistor;;;;
Q114;NPN-Transistor;;;;
Q115;NPN-Transistor;;;;
Q116;NPN-Transistor;;;;
Q117;NPN-Transistor;;;;
Q118;NPN-Transistor;;;;
Q119;NPN-Transistor;;;;
Q120;NPN-Transistor;;;;
Q121;NPN-Transistor;;;;
Q122;NPN-Transistor;;;;
Q123;NPN-Transistor;;;;
Q124;NPN-Transistor;;;;
Q125;NPN-Transistor;;;;
Q126;NPN-Transistor;;;;
Q127;NPN-Transistor;;;;
Q128;NPN-Transistor;;;;
Q129;NPN-Transistor;;;;
Q130;NPN-Transistor;;;;
Q131;NPN-Transistor;;;;
Q132;NPN-Transistor;;;;
Q133;NPN-Transistor;;;;
Q134;NPN-Transistor;;;;
Q135;NPN-Transistor;;;;
Q136;NPN-Transistor;;;;
Q137;NPN-Transistor;;;;
Q138;NPN-Transistor;;;;
Q139;NPN-Transistor;;;;
Q140;NPN-Transistor;;;;
Q141;NPN-Transistor;;;;
Q142;NPN-Transistor;;;;
Q143;NPN-Transistor;;;;
Q144;NPN-Transistor;;;;
Q145;NPN-Transistor;;;;
Q146;NPN-Transistor;;;;
Q147;NPN-Transistor;;;;
Q148;NPN-Transistor;;;;
Q149;NPN-Transistor;;;;
Q150;NPN-Transistor;;;;
Q151;NPN-Transistor;;;;
Q152;NPN-Transistor;;;;
Q153;NPN-Transistor;;;;
Q154;NPN-Transistor;;;;
Q155;NPN-Transistor;;;;
Q156;NPN-Transistor;;;;
Q157;NPN-Transistor;;;;
Q158;NPN-Transistor;;;;
Q159;NPN-Transistor;;;;
Q160;NPN-Transistor;;;;
Q161;NPN-Transistor;;;;
Q162;NPN-Transistor;;;;
Q163;NPN-Transistor;;;;
Q164;NPN-Transistor;;;;
Q165;NPN-Transistor;;;;
Q166;NPN-Transistor;;;;
Q167;NPN-Transistor;;;;
Q168;NPN-Transistor;;;;
Q169;NPN-Transistor;;;;
Q170;NPN-Transistor;;;;
Q171;NPN-Transistor;;;;
Q172;NPN-Transistor;;;;
Q173;NPN-Transistor;;;;
Q174;NPN-Transistor;;;;
Q175;NPN-Transistor;;;;
Q176;NPN-Transistor;;;;
Q177;NPN-Transistor;;;;
Q178;NPN-Transistor;;;;
Q179;NPN-Transistor;;;;
Q180;NPN-Transistor;;;;
Q181;NPN-Transistor;;;;
Q182;NPN-Transistor;;;;
Q183;NPN-Transistor;;;;
Q184;NPN-Transistor;;;;
Q185;NPN-Transistor;;;;
Q186;NPN-Transistor;;;;
Q187;NPN-Transistor;;;;
Q188;NPN-Transistor;;;;
Q189;NPN-Transistor;;;;
Q190;NPN-Transistor;;;;
Q191;NPN-Transistor;;;;
Q192;NPN-Transistor;;;;
Q193;NPN-Transistor;;;;
Q194;NPN-Transistor;;;;
Q195;NPN-Transistor;;;;
Q196;NPN-Transistor;;;;
Q197;NPN-Transistor;;;;
Q198;NPN-Transistor;;;;
Q199;NPN-Transistor;;;;
Q200;NPN-Transistor;;;;
Q201;NPN-Transistor;;;;
Q202;NPN-Transistor;;;;
Q203;NPN-Transistor;;;;
Q204;NPN-Transistor;;;;
Q205;NPN-Transistor;;;;
Q206;NPN-Transistor;;;;
Q207;NPN-Transistor;;;;
Q208;NPN-Transistor;;;;
Q209;NPN-Transistor;;;;
Q210;NPN-Transistor;;;;
Q211;NPN-Transistor;;;;
Q212;NPN-Transistor;;;;
Q213;NPN-Transistor;;;;
Q214;NPN-Transistor;;;;
Q215;NPN-Transistor;;;;
Q216;NPN-Transistor;;;;
Q217;NPN-Transistor;;;;
Q218;NPN-Transistor;;;;
Q219;NPN-Transistor;;;;
Q220;NPN-Transistor;;;;
Q221;NPN-Transistor;;;;
Q222;NPN-Transistor;;;;
Q223;NPN-Transistor;;;;
Q224;NPN-Transistor;;;;
Q225;NPN-Transistor;;;;
Q226;NPN-Transistor;;;;
Q227;NPN-Transistor;;;;
Q228;NPN-Transistor;;;;
Q229;NPN-Transistor;;;;
Q230;NPN-Transistor;;;;
Q231;NPN-Transistor;;;;
Q232;NPN-Transistor;;;;
Q233;NPN-Transistor;;;;
R5;10kΩ Resistor;;;;
R6;10kΩ Resistor;;;;
R8;4.7kΩ Resistor;;;;
R9;4.7kΩ Resistor;;;;
R10;4.7kΩ Resistor;;;;
R13;10kΩ Resistor;;;;
R14;10kΩ Resistor;;;;
R15;10kΩ Resistor;;;;
R16;10kΩ Resistor;;;;
R17;4.7kΩ Resistor;;;;
R18;4.7kΩ Resistor;;;;
R19;4.7kΩ Resistor;;;;
R20;10kΩ Resistor;;;;
R21;10kΩ Resistor;;;;
R22;10kΩ Resistor;;;;
R23;4.7kΩ Resistor;;;;
R24;10kΩ Resistor;;;;
R25;4.7kΩ Resistor;;;;
R26;10kΩ Resistor;;;;
R27;10kΩ Resistor;;;;
R28;10kΩ Resistor;;;;
R29;10kΩ Resistor;;;;
R30;4.7kΩ Resistor;;;;
R31;4.7kΩ Resistor;;;;
R32;10kΩ Resistor;;;;
R33;10kΩ Resistor;;;;
R34;10kΩ Resistor;;;;
R35;10kΩ Resistor;;;;
R36;4.7kΩ Resistor;;;;
R37;4.7kΩ Resistor;;;;
R38;10kΩ Resistor;;;;
R39;10kΩ Resistor;;;;
R40;4.7kΩ Resistor;;;;
R41;4.7kΩ Resistor;;;;
R42;4.7kΩ Resistor;;;;
R43;10kΩ Resistor;;;;
R44;10kΩ Resistor;;;;
R45;450Ω Resistor;;;;
R46;450Ω Resistor;;;;
R47;10kΩ Resistor;;;;
R48;10kΩ Resistor;;;;
R49;10kΩ Resistor;;;;
R50;10kΩ Resistor;;;;
R51;10kΩ Resistor;;;;
R52;10kΩ Resistor;;;;
R53;10kΩ Resistor;;;;
R54;10kΩ Resistor;;;;
R55;10kΩ Resistor;;;;
R56;10kΩ Resistor;;;;
R57;10kΩ Resistor;;;;
R58;10kΩ Resistor;;;;
R59;450Ω Resistor;;;;
R60;450Ω Resistor;;;;
R61;4.7kΩ Resistor;;;;
R62;4.7kΩ Resistor;;;;
R63;4.7kΩ Resistor;;;;
R64;4.7kΩ Resistor;;;;
R65;4.7kΩ Resistor;;;;
R66;4.7kΩ Resistor;;;;
R67;4.7kΩ Resistor;;;;
R68;4.7kΩ Resistor;;;;
R69;4.7kΩ Resistor;;;;
R70;4.7kΩ Resistor;;;;
R71;4.7kΩ Resistor;;;;
R72;4.7kΩ Resistor;;;;
R73;4.7kΩ Resistor;;;;
R74;4.7kΩ Resistor;;;;
R75;4.7kΩ Resistor;;;;
R76;10kΩ Resistor;;;;
R77;10kΩ Resistor;;;;
R78;10kΩ Resistor;;;;
R79;10kΩ Resistor;;;;
R80;10kΩ Resistor;;;;
R81;10kΩ Resistor;;;;
R82;10kΩ Resistor;;;;
R83;10kΩ Resistor;;;;
R84;10kΩ Resistor;;;;
R85;10kΩ Resistor;;;;
R86;10kΩ Resistor;;;;
R87;10kΩ Resistor;;;;
R88;10kΩ Resistor;;;;
R89;10kΩ Resistor;;;;
R90;10kΩ Resistor;;;;
R91;10kΩ Resistor;;;;
R92;10kΩ Resistor;;;;
R93;10kΩ Resistor;;;;
R94;10kΩ Resistor;;;;
R95;10kΩ Resistor;;;;
R96;10kΩ Resistor;;;;
R97;10kΩ Resistor;;;;
R98;10kΩ Resistor;;;;
R99;10kΩ Resistor;;;;
R100;450Ω Resistor;;;;
R101;450Ω Resistor;;;;
R102;4.7kΩ Resistor;;;;
R103;4.7kΩ Resistor;;;;
R104;4.7kΩ Resistor;;;;
R105;4.7kΩ Resistor;;;;
R106;4.7kΩ Resistor;;;;
R107;4.7kΩ Resistor;;;;
R108;4.7kΩ Resistor;;;;
R109;4.7kΩ Resistor;;;;
R110;4.7kΩ Resistor;;;;
R111;4.7kΩ Resistor;;;;
R112;4.7kΩ Resistor;;;;
R113;4.7kΩ Resistor;;;;
R114;4.7kΩ Resistor;;;;
R115;4.7kΩ Resistor;;;;
R116;4.7kΩ Resistor;;;;
R117;10kΩ Resistor;;;;
R118;10kΩ Resistor;;;;
R119;10kΩ Resistor;;;;
R120;10kΩ Resistor;;;;
R121;10kΩ Resistor;;;;
R122;10kΩ Resistor;;;;
R123;10kΩ Resistor;;;;
R124;10kΩ Resistor;;;;
R125;10kΩ Resistor;;;;
R126;10kΩ Resistor;;;;
R127;10kΩ Resistor;;;;
R128;10kΩ Resistor;;;;
R129;10kΩ Resistor;;;;
R130;10kΩ Resistor;;;;
R131;10kΩ Resistor;;;;
R132;10kΩ Resistor;;;;
R133;10kΩ Resistor;;;;
R134;10kΩ Resistor;;;;
R135;10kΩ Resistor;;;;
R136;10kΩ Resistor;;;;
R137;10kΩ Resistor;;;;
R138;10kΩ Resistor;;;;
R139;10kΩ Resistor;;;;
R140;10kΩ Resistor;;;;
R141;450Ω Resistor;;;;
R142;450Ω Resistor;;;;
R143;4.7kΩ Resistor;;;;
R144;4.7kΩ Resistor;;;;
R145;4.7kΩ Resistor;;;;
R146;4.7kΩ Resistor;;;;
R147;4.7kΩ Resistor;;;;
R148;4.7kΩ Resistor;;;;
R149;4.7kΩ Resistor;;;;
R150;4.7kΩ Resistor;;;;
R151;4.7kΩ Resistor;;;;
R152;4.7kΩ Resistor;;;;
R153;4.7kΩ Resistor;;;;
R154;4.7kΩ Resistor;;;;
R155;4.7kΩ Resistor;;;;
R156;4.7kΩ Resistor;;;;
R157;4.7kΩ Resistor;;;;
R158;10kΩ Resistor;;;;
R159;10kΩ Resistor;;;;
R160;10kΩ Resistor;;;;
R161;10kΩ Resistor;;;;
R162;10kΩ Resistor;;;;
R163;10kΩ Resistor;;;;
R164;10kΩ Resistor;;;;
R165;10kΩ Resistor;;;;
R166;10kΩ Resistor;;;;
R167;10kΩ Resistor;;;;
R168;10kΩ Resistor;;;;
R169;10kΩ Resistor;;;;
R170;10kΩ Resistor;;;;
R171;10kΩ Resistor;;;;
R172;10kΩ Resistor;;;;
R173;10kΩ Resistor;;;;
R174;10kΩ Resistor;;;;
R175;10kΩ Resistor;;;;
R176;10kΩ Resistor;;;;
R177;10kΩ Resistor;;;;
R178;10kΩ Resistor;;;;
R179;10kΩ Resistor;;;;
R180;10kΩ Resistor;;;;
R181;10kΩ Resistor;;;;
R182;450Ω Resistor;;;;
R183;450Ω Resistor;;;;
R184;4.7kΩ Resistor;;;;
R185;4.7kΩ Resistor;;;;
R186;4.7kΩ Resistor;;;;
R187;4.7kΩ Resistor;;;;
R188;4.7kΩ Resistor;;;;
R189;4.7kΩ Resistor;;;;
R190;4.7kΩ Resistor;;;;
R191;4.7kΩ Resistor;;;;
R192;4.7kΩ Resistor;;;;
R193;4.7kΩ Resistor;;;;
R194;4.7kΩ Resistor;;;;
R195;4.7kΩ Resistor;;;;
R196;4.7kΩ Resistor;;;;
R197;4.7kΩ Resistor;;;;
R198;4.7kΩ Resistor;;;;
R199;10kΩ Resistor;;;;
R200;10kΩ Resistor;;;;
R201;10kΩ Resistor;;;;
R202;10kΩ Resistor;;;;
R203;10kΩ Resistor;;;;
R204;10kΩ Resistor;;;;
R205;10kΩ Resistor;;;;
R206;10kΩ Resistor;;;;
R207;10kΩ Resistor;;;;
R208;10kΩ Resistor;;;;
R209;10kΩ Resistor;;;;
R210;10kΩ Resistor;;;;
R211;10kΩ Resistor;;;;
R212;10kΩ Resistor;;;;
R213;10kΩ Resistor;;;;
R214;10kΩ Resistor;;;;
R215;10kΩ Resistor;;;;
R216;10kΩ Resistor;;;;
R217;10kΩ Resistor;;;;
R218;10kΩ Resistor;;;;
R219;10kΩ Resistor;;;;
R220;10kΩ Resistor;;;;
R221;10kΩ Resistor;;;;
R222;10kΩ Resistor;;;;
R223;450Ω Resistor;;;;
R224;450Ω Resistor;;;;
R225;4.7kΩ Resistor;;;;
R226;4.7kΩ Resistor;;;;
R227;4.7kΩ Resistor;;;;
R228;4.7kΩ Resistor;;;;
R229;4.7kΩ Resistor;;;;
R230;4.7kΩ Resistor;;;;
R231;4.7kΩ Resistor;;;;
R232;4.7kΩ Resistor;;;;
R233;4.7kΩ Resistor;;;;
R234;4.7kΩ Resistor;;;;
R235;4.7kΩ Resistor;;;;
R236;4.7kΩ Resistor;;;;
R237;4.7kΩ Resistor;;;;
R238;4.7kΩ Resistor;;;;
R239;4.7kΩ Resistor;;;;
R240;10kΩ Resistor;;;;
R241;10kΩ Resistor;;;;
R242;10kΩ Resistor;;;;
R243;10kΩ Resistor;;;;
R244;10kΩ Resistor;;;;
R245;10kΩ Resistor;;;;
R246;10kΩ Resistor;;;;
R247;10kΩ Resistor;;;;
R248;10kΩ Resistor;;;;
R249;10kΩ Resistor;;;;
R250;10kΩ Resistor;;;;
R251;10kΩ Resistor;;;;
R252;10kΩ Resistor;;;;
R253;10kΩ Resistor;;;;
R254;10kΩ Resistor;;;;
R255;10kΩ Resistor;;;;
R256;10kΩ Resistor;;;;
R257;10kΩ Resistor;;;;
R258;10kΩ Resistor;;;;
R259;10kΩ Resistor;;;;
R260;10kΩ Resistor;;;;
R261;10kΩ Resistor;;;;
R262;10kΩ Resistor;;;;
R263;10kΩ Resistor;;;;
R264;450Ω Resistor;;;;
R265;450Ω Resistor;;;;
R266;4.7kΩ Resistor;;;;
R267;4.7kΩ Resistor;;;;
R268;4.7kΩ Resistor;;;;
R269;4.7kΩ Resistor;;;;
R270;4.7kΩ Resistor;;;;
R271;4.7kΩ Resistor;;;;
R272;4.7kΩ Resistor;;;;
R273;4.7kΩ Resistor;;;;
R274;4.7kΩ Resistor;;;;
R275;4.7kΩ Resistor;;;;
R276;4.7kΩ Resistor;;;;
R277;4.7kΩ Resistor;;;;
R278;4.7kΩ Resistor;;;;
R279;4.7kΩ Resistor;;;;
R280;4.7kΩ Resistor;;;;
R281;10kΩ Resistor;;;;
R282;10kΩ Resistor;;;;
R283;10kΩ Resistor;;;;
R284;10kΩ Resistor;;;;
R285;10kΩ Resistor;;;;
R286;10kΩ Resistor;;;;
R287;10kΩ Resistor;;;;
R288;10kΩ Resistor;;;;
R289;10kΩ Resistor;;;;
R290;10kΩ Resistor;;;;
R291;10kΩ Resistor;;;;
R292;10kΩ Resistor;;;;
R293;10kΩ Resistor;;;;
R294;10kΩ Resistor;;;;
R295;10kΩ Resistor;;;;
R296;10kΩ Resistor;;;;
R297;10kΩ Resistor;;;;
R298;10kΩ Resistor;;;;
R299;10kΩ Resistor;;;;
R300;10kΩ Resistor;;;;
R301;10kΩ Resistor;;;;
R302;10kΩ Resistor;;;;
R303;10kΩ Resistor;;;;
R304;10kΩ Resistor;;;;
R305;450Ω Resistor;;;;
R306;450Ω Resistor;;;;
R307;4.7kΩ Resistor;;;;
R308;4.7kΩ Resistor;;;;
R309;4.7kΩ Resistor;;;;
R310;4.7kΩ Resistor;;;;
R311;4.7kΩ Resistor;;;;
R312;4.7kΩ Resistor;;;;
R313;4.7kΩ Resistor;;;;
R314;4.7kΩ Resistor;;;;
R315;4.7kΩ Resistor;;;;
R316;4.7kΩ Resistor;;;;
R317;4.7kΩ Resistor;;;;
R318;4.7kΩ Resistor;;;;
R319;4.7kΩ Resistor;;;;
R320;4.7kΩ Resistor;;;;
R321;4.7kΩ Resistor;;;;
R322;10kΩ Resistor;;;;
R323;10kΩ Resistor;;;;
R324;10kΩ Resistor;;;;
R325;10kΩ Resistor;;;;
R326;10kΩ Resistor;;;;
R327;10kΩ Resistor;;;;
R328;10kΩ Resistor;;;;
R329;10kΩ Resistor;;;;
R330;10kΩ Resistor;;;;
R331;10kΩ Resistor;;;;
R332;10kΩ Resistor;;;;
R333;10kΩ Resistor;;;;
R334;10kΩ Resistor;;;;
R335;10kΩ Resistor;;;;
S1;Toggle Switch;;;;
S2;Toggle Switch;;;;
S3;Toggle Switch;;;;
S4;Toggle Switch;;;;
S5;Toggle Switch;;;;
S6;Toggle Switch;;;;
S7;Toggle Switch;;;;
S8;Toggle Switch;;;;
S9;Toggle Switch;;;;
S10;Toggle Switch;;;;
S11;Toggle Switch;;;;
S12;Toggle Switch;;;;
S13;Toggle Switch;;;;
S14;Toggle Switch;;;;
S15;Toggle Switch;;;;
S16;Toggle Switch;;;;
S17;Toggle Switch;;;;
VCC2;4 x AAA Battery Mount;;;;
VM1;Multimeter (DC Voltage);;;;

Amount;Part Type;mn;mpn;part number;
192;10kΩ Resistor;;;;
1;4 x AAA Battery Mount;;;;
120;4.7kΩ Resistor;;;;
16;450Ω Resistor;;;;
1;Multimeter (DC Voltage);;;;
232;NPN-Transistor;;;;
16;Red (633nm) LED;;;;
17;Toggle Switch;;;;
